hypothesis_id,hypothesis_text,hypothesis_type,method,p_value,statistic,is_significant,quality_score,confidence,interpretation,details
1,Записи с Churn=1 и Churn=0 образуют разные сегменты,segmentation,segmentation,0.0,0.47168045657416435,True,1.0,0.78,"{'conclusion': '✓ Гипотеза подтверждена (p=0.0000)', 'explanation': 'Результаты показывают, что записи с Churn=1 и Churn=0 действительно образуют разные сегменты. Это означает, что существует статистически значимая разница в поведении клиентов, которые покинули услугу (Churn=1) и тех, кто остался (Churn=0).', 'practical_significance': 'Средняя практическая значимость', 'recommendations': ['Изучить профили сегментов для целевых стратегий', 'Проверить стабильность сегментов на новых данных'], 'ai_explanation': {'explanation': 'Результаты показывают, что записи с Churn=1 и Churn=0 действительно образуют разные сегменты. Это означает, что существует статистически значимая разница в поведении клиентов, которые покинули услугу (Churn=1) и тех, кто остался (Churn=0).', 'practical_meaning': 'Бизнес может использовать эту информацию для разработки целевой маркетинговой стратегии, направленной на предотвращение оттока клиентов.', 'recommendations': ['Разработать персонализированную кампанию по удержанию клиентов для тех, кто находится на грани оттока (Churn=1)', 'Анализировать демографические и поведенческие характеристики клиентов, которые покинули услугу, для выявления закономерностей и предотвращения оттока в будущем']}}","{'method': 'segmentation', 'statistic': 0.47168045657416435, 'p_value': 0.0, 'is_significant': True, 'sample_size': 7043, 'n_clusters': 2, 'silhouette_score': 0.47168045657416435, 'segment_profiles': [{'segment': 0, 'size': 5901, 'means': {'SeniorCitizen': 0.0, 'tenure': 32.19217081850534, 'MonthlyCharges': 61.847441111675984}}, {'segment': 1, 'size': 1142, 'means': {'SeniorCitizen': 1.0, 'tenure': 33.29597197898424, 'MonthlyCharges': 79.82035901926446}}]}"
3,"Данные содержат скрытые сегменты по переменным ['SeniorCitizen', 'tenure', 'MonthlyCharges']",segmentation,segmentation,0.0,0.47168045657416435,True,1.0,0.78,"{'conclusion': '✓ Гипотеза подтверждена (p=0.0000)', 'explanation': ""Результаты показывают, что данные действительно содержат скрытые сегменты по переменным 'SeniorCitizen', 'tenure' и 'MonthlyCharges'. Это означает, что клиенты можно разделить на два основных сегмента с различными характеристиками."", 'practical_significance': 'Средняя практическая значимость', 'recommendations': ['Изучить профили сегментов для целевых стратегий', 'Проверить стабильность сегментов на новых данных'], 'ai_explanation': {'explanation': ""Результаты показывают, что данные действительно содержат скрытые сегменты по переменным 'SeniorCitizen', 'tenure' и 'MonthlyCharges'. Это означает, что клиенты можно разделить на два основных сегмента с различными характеристиками."", 'practical_meaning': 'Этот результат имеет важное значение для бизнеса, поскольку позволяет оптимизировать маркетинговые кампании и предложения услуг, соответствующие конкретным сегментам клиентов.', 'recommendations': ['Разработать отдельные маркетинговые стратегии для каждого сегмента клиентов', 'Адаптировать тарифные планы и услуги для каждого сегмента']}}","{'method': 'segmentation', 'statistic': 0.47168045657416435, 'p_value': 0.0, 'is_significant': True, 'sample_size': 7043, 'n_clusters': 2, 'silhouette_score': 0.47168045657416435, 'segment_profiles': [{'segment': 0, 'size': 5901, 'means': {'SeniorCitizen': 0.0, 'tenure': 32.19217081850534, 'MonthlyCharges': 61.847441111675984}}, {'segment': 1, 'size': 1142, 'means': {'SeniorCitizen': 1.0, 'tenure': 33.29597197898424, 'MonthlyCharges': 79.82035901926446}}]}"
17,Есть ли статистически значимая разница в средних ежемесячных платежах между клиентами с оплатой через кредитную карту (PaymentMethod) и клиентами с оплатой через банковский перевод (PaymentMethod)?,mean_difference,anova,1.1802197193655633e-267,450.3189918892518,True,1.0,0.78,"{'conclusion': '✓ Гипотеза подтверждена (p=0.0000)', 'explanation': 'Результаты показывают, что средние ежемесячные платежи между клиентами с оплатой через кредитную карту и клиентами с оплатой через банковский перевод статистически значимо различаются. Это означает, что существует значимая разница в поведении клиентов в зависимости от используемой метода оплаты.', 'practical_significance': 'Высокая практическая значимость', 'recommendations': ['Исследовать причинно-следственные связи', 'Проверить устойчивость результата на других данных'], 'ai_explanation': {'explanation': 'Результаты показывают, что средние ежемесячные платежи между клиентами с оплатой через кредитную карту и клиентами с оплатой через банковский перевод статистически значимо различаются. Это означает, что существует значимая разница в поведении клиентов в зависимости от используемой метода оплаты.', 'practical_meaning': 'Это может указывать на различия в поведении клиентов или наличия дополнительных затрат при использовании кредитных карт.', 'recommendations': ['Анализировать данные по отдельным клиентам, чтобы определить, есть ли какие-либо закономерности в поведении клиентов с оплатой через кредитную карту.', 'Рассматривать возможность предоставления скидок или льгот для клиентов, которые используют банковские переводы, чтобы стимулировать их лояльность.']}}","{'method': 'anova', 'statistic': 450.3189918892518, 'p_value': 1.1802197193655633e-267, 'is_significant': True, 'sample_size': 7043, 'n_groups': 4}"
4,Влияние на 'SeniorCitizen' зависит от взаимодействия переменных,interaction_effect,interaction,0.0004043172097492054,0.0016872586146254864,True,1.0,0.85,"{'conclusion': '✓ Гипотеза подтверждена (p=0.0004)', 'explanation': ""Результаты показывают, что влияние на переменную 'SeniorCitizen' действительно зависит от взаимодействия других переменных. Это означает, что влияние на 'SeniorCitizen' меняется в зависимости от значений других переменных."", 'practical_significance': 'Низкая практическая значимость', 'recommendations': ['Учитывать взаимодействие при построении моделей', 'Проанализировать механизм взаимодействия детальнее'], 'ai_explanation': {'explanation': ""Результаты показывают, что влияние на переменную 'SeniorCitizen' действительно зависит от взаимодействия других переменных. Это означает, что влияние на 'SeniorCitizen' меняется в зависимости от значений других переменных."", 'practical_meaning': 'Это означает, что бизнес-стратегия или маркетинговая кампания должна учитывать взаимосвязь между переменными, чтобы эффективно влиять на поведение пожилых клиентов.', 'recommendations': ['Анализируйте взаимосвязь между переменными, чтобы понять, как они влияют на поведение пожилых клиентов.', 'Разработайте целевые маркетинговые кампании, которые учитывают взаимодействие переменных и направлены на конкретные группы пожилых клиентов.']}}","{'method': 'interaction', 'statistic': 0.0016872586146254864, 'p_value': 0.0004043172097492054, 'is_significant': True, 'sample_size': 7043, 'r2_base': 0.05001598847435185, 'r2_with_interaction': 0.05170324708897733, 'improvement': 0.0016872586146254864}"
6,Существует пороговое значение для 'SeniorCitizen',threshold_effect,threshold,0.05,0.8379721669980119,True,0.9,0.65,"{'conclusion': '✓ Гипотеза подтверждена (p=0.0500)', 'explanation': ""Результаты показывают, что существует значимое пороговое значение для переменной 'SeniorCitizen'. Это означает, что существует определенный возраст, при котором влияние на результаты становится заметным."", 'practical_significance': 'Высокая практическая значимость', 'recommendations': ['Определить точные пороговые значения', 'Разработать стратегии для разных диапазонов'], 'ai_explanation': {'explanation': ""Результаты показывают, что существует значимое пороговое значение для переменной 'SeniorCitizen'. Это означает, что существует определенный возраст, при котором влияние на результаты становится заметным."", 'practical_meaning': 'Пороговое значение может помочь бизнесу определить оптимальный возраст для предоставления специальных услуг или скидок для пожилых клиентов.', 'recommendations': ['Разработать программу скидок для клиентов старше 65 лет', 'Анализировать влияние возраста на поведение клиентов и принимать соответствующие решения']}}","{'method': 'threshold', 'statistic': 0.8379721669980119, 'p_value': 0.05, 'is_significant': True, 'sample_size': 7043, 'suggested_thresholds': [0.0, 0.0, 0.0]}"
7,Существует пороговое значение для 'tenure',threshold_effect,threshold,0.05,18.632891729968325,True,0.9,0.41,"{'conclusion': '✓ Гипотеза подтверждена (p=0.0500)', 'explanation': ""Результаты показывают, что существует пороговое значение для переменной 'tenure', то есть существует определенный период работы, после которого влияние на результаты начинает меняться."", 'practical_significance': 'Высокая практическая значимость', 'recommendations': ['Определить точные пороговые значения', 'Разработать стратегии для разных диапазонов'], 'ai_explanation': {'explanation': ""Результаты показывают, что существует пороговое значение для переменной 'tenure', то есть существует определенный период работы, после которого влияние на результаты начинает меняться."", 'practical_meaning': 'Это означает, что компании должны учитывать период работы сотрудников при принятии решений о повышении зарплаты, предоставлении бонусов или других видах мотивации.', 'recommendations': ['Разработать систему оценки сотрудников, которая учитывает период работы и дает рекомендации по повышению зарплаты или предоставлению бонусов.', 'Провести анализ данных о периоде работы и результатах сотрудников, чтобы определить конкретные пороговые значения и разработать индивидуальные планы мотивации.']}}","{'method': 'threshold', 'statistic': 18.632891729968325, 'p_value': 0.05, 'is_significant': True, 'sample_size': 7043, 'suggested_thresholds': [9.0, 29.0, 55.0]}"
13,Среднее 'SeniorCitizen' различается по 'gender',mean_difference,t_test,0.875072295218347,0.15722466891794337,False,0.8,0.44,"{'conclusion': '✗ Гипотеза отклонена (p=0.8751)', 'explanation': ""Результаты t-теста показывают, что среднее значение 'SeniorCitizen' не различается между мужчинами и женщинами по значимости 0,875072. Это означает, что различия между средними значениями можно рассматривать как случайные."", 'practical_significance': 'Не значима', 'recommendations': ['Увеличить размер выборки', 'Рассмотреть альтернативные гипотезы', 'Проверить качество данных'], 'ai_explanation': {'explanation': ""Результаты t-теста показывают, что среднее значение 'SeniorCitizen' не различается между мужчинами и женщинами по значимости 0,875072. Это означает, что различия между средними значениями можно рассматривать как случайные."", 'practical_meaning': 'Для бизнеса это означает, что возрастные граждане не делятся по половому признаку, и поэтому политики или решения, направленные на конкретную половину, могут не быть эффективными.', 'recommendations': ['Рассмотреть другие факторы, которые могут повлиять на поведение возрастных граждан, такие как доход, образование или место жительства.', 'Разработать политики или решения, которые не делятся по половому признаку, чтобы обеспечить равные возможности для всех возрастных граждан.']}}","{'method': 't_test', 'statistic': 0.15722466891794337, 'p_value': 0.875072295218347, 'is_significant': False, 'sample_size': 7043, 'effect_size': 0.0037470060043924974, 'group1_mean': 0.1628440366972477, 'group2_mean': 0.16146272855133614}"
15,Среднее 'tenure' различается по 'gender',mean_difference,t_test,0.6683205263409134,-0.4284721307059001,False,0.8,0.37,"{'conclusion': '✗ Гипотеза отклонена (p=0.6683)', 'explanation': ""Результаты т-теста показывают, что среднее значение 'tenure' (срок службы) не различается по полу (gender). Это означает, что у мужчин и женщин одинаковый средний срок службы."", 'practical_significance': 'Не значима', 'recommendations': ['Увеличить размер выборки', 'Рассмотреть альтернативные гипотезы', 'Проверить качество данных'], 'ai_explanation': {'explanation': ""Результаты т-теста показывают, что среднее значение 'tenure' (срок службы) не различается по полу (gender). Это означает, что у мужчин и женщин одинаковый средний срок службы."", 'practical_meaning': 'Для бизнеса это означает, что можно не учитывать пол при принятии решений о продвижении или повышении сотрудников.', 'recommendations': ['Не использовать пол как фактор при оценке кандидатов на повышение или продвижение.', 'Уделить внимание другим факторам, которые могут повлиять на срок службы, например, на профессиональные навыки или результаты работы.']}}","{'method': 't_test', 'statistic': -0.4284721307059001, 'p_value': 0.6683205263409134, 'is_significant': False, 'sample_size': 7043, 'effect_size': -0.010211972349814379, 'group1_mean': 32.24455275229358, 'group2_mean': 32.49535864978903}"
9,Корреляция между 'SeniorCitizen' и 'tenure',correlation,pearson,0.16447307399526118,0.016566877681809256,False,0.8,0.44,"{'conclusion': '✗ Гипотеза отклонена (p=0.1645)', 'explanation': 'Результаты показывают, что существует слабая корреляция между возрастом клиентов и их продолжительностью пребывания в компании. Поскольку p-значение больше 0,05, мы не можем отвергнуть нулевую гипотезу о отсутствии корреляции.', 'practical_significance': 'Не значима', 'recommendations': ['Увеличить размер выборки', 'Рассмотреть альтернативные гипотезы', 'Проверить качество данных'], 'ai_explanation': {'explanation': 'Результаты показывают, что существует слабая корреляция между возрастом клиентов и их продолжительностью пребывания в компании. Поскольку p-значение больше 0,05, мы не можем отвергнуть нулевую гипотезу о отсутствии корреляции.', 'practical_meaning': 'Это означает, что возраст клиентов не является значимым фактором для определения продолжительности их пребывания в компании.', 'recommendations': ['Не учитывать возраст клиентов при определении стратегии удержания клиентов', 'Рассмотреть другие факторы, которые могут повлиять на продолжительность пребывания клиентов']}}","{'method': 'pearson', 'statistic': 0.016566877681809256, 'p_value': 0.16447307399526118, 'is_significant': False, 'sample_size': 7043, 'correlation_strength': 'очень слабая'}"
10,Корреляция между 'SeniorCitizen' и 'MonthlyCharges',correlation,pearson,4.574872175526918e-78,0.22017333857627214,True,1.0,0.71,"{'conclusion': '✓ Гипотеза подтверждена (p=0.0000)', 'explanation': 'Результаты показывают сильную положительную корреляцию между возрастом клиентов и их ежемесячными тарифами. Это означает, что с возрастом клиентов увеличивается их ежемесячная оплата.', 'practical_significance': 'Низкая практическая значимость', 'recommendations': ['Исследовать причинно-следственные связи', 'Проверить устойчивость результата на других данных'], 'ai_explanation': {'explanation': 'Результаты показывают сильную положительную корреляцию между возрастом клиентов и их ежемесячными тарифами. Это означает, что с возрастом клиентов увеличивается их ежемесячная оплата.', 'practical_meaning': 'Это говорит о том, что компании могут рассмотреть индивидуальные тарифы для пожилых клиентов, чтобы обеспечить им доступ к услугам на более выгодных условиях.', 'recommendations': ['Разработать индивидуальные тарифы для пожилых клиентов', 'Анализировать данные о тарифах и поведении клиентов для выявления других корреляций']}}","{'method': 'pearson', 'statistic': 0.22017333857627214, 'p_value': 4.574872175526918e-78, 'is_significant': True, 'sample_size': 7043, 'correlation_strength': 'слабая'}"
11,Корреляция между 'tenure' и 'MonthlyCharges',correlation,pearson,4.094044991493961e-99,0.24789985628615013,True,1.0,0.71,"{'conclusion': '✓ Гипотеза подтверждена (p=0.0000)', 'explanation': ""Результаты показывают сильную положительную корреляцию между продолжительностью сотрудничества клиента ('tenure') и ежемесячными платежами ('MonthlyCharges'). Это означает, что клиенты, которые сотрудничают дольше, платят больше."", 'practical_significance': 'Низкая практическая значимость', 'recommendations': ['Исследовать причинно-следственные связи', 'Проверить устойчивость результата на других данных'], 'ai_explanation': {'explanation': ""Результаты показывают сильную положительную корреляцию между продолжительностью сотрудничества клиента ('tenure') и ежемесячными платежами ('MonthlyCharges'). Это означает, что клиенты, которые сотрудничают дольше, платят больше."", 'practical_meaning': 'Это означает, что клиенты с большим опытом могут быть более лояльными и готовы платить больше за услуги.', 'recommendations': ['Разработайте программу лояльности для клиентов с большим опытом, которая будет поощрять их продолжать сотрудничать.', 'Анализируйте данные клиентов с большим опытом, чтобы определить, есть ли у них какие-либо особые потребности или предпочтения, которые можно удовлетворить.']}}","{'method': 'pearson', 'statistic': 0.24789985628615013, 'p_value': 4.094044991493961e-99, 'is_significant': True, 'sample_size': 7043, 'correlation_strength': 'слабая'}"
